{"ongoing_trials": {"tuner0": "0000"}, "hyperparameters": {"space": [{"class_name": "Float", "config": {"name": "learning_rate", "default": 0.0001, "conditions": [], "min_value": 0.0001, "max_value": 0.01, "step": null, "sampling": "log"}}], "values": {"learning_rate": 0.0001}}, "start_order": ["0000"], "end_order": [], "run_times": {}, "retry_queue": [], "seed": 1045, "seed_state": 1046, "tried_so_far": ["f484d8c5a8bdb41e38c1fedb3f36b085"], "id_to_hash": {"0000": "f484d8c5a8bdb41e38c1fedb3f36b085"}, "display": {"search_start": null, "trial_start": {}, "trial_number": {}}, "hyperband_iterations": 1, "max_epochs": 50, "min_epochs": 1, "factor": 3, "brackets": [{"bracket_num": 3, "rounds": [[{"past_id": null, "id": "0000"}], [], [], []]}], "current_bracket": 3, "current_iteration": 0}